time,latitude,longitude,depth,mag,magType,nst,gap,dmin,rms,net,id,updated,place,type,horizontalError,depthError,magError,magNst,status,locationSource,magSource
2019-06-28T11:17:31.734Z,8.4069,-82.8409,22.89,4.4,mb,,82,0.413,0.81,us,us700046i1,2019-06-28T12:08:43.681Z,"3km NE of Finca Blanco Numero Uno, Panama",earthquake,5.6,6.4,0.067,64,reviewed,us,us
2019-06-28T09:24:08.880Z,37.5128326,-118.7975006,6.01,2.8,md,26,116,0.08105,0.05,nc,nc73203191,2019-06-28T11:50:03.687Z,"12km WSW of Toms Place, CA",earthquake,0.26,1,0.17,31,automatic,nc,nc
2019-06-28T08:30:42.866Z,-29.3884,-70.916,81.42,5,mww,,89,0.42,0.72,us,us700046ge,2019-06-28T12:13:26.262Z,"66km NNE of La Serena, Chile",earthquake,6.6,4.2,0.061,26,reviewed,us,us
2019-06-28T07:39:53.710Z,19.4121666,-155.2940063,-0.07,2.6,ml,17,78,0.007904,0.2,hv,hv71013771,2019-06-28T07:45:33.560Z,"6km WSW of Volcano, Hawaii",earthquake,0.22,0.3,0.5,16,automatic,hv,hv
2019-06-28T07:04:22.443Z,8.2629,126.0562,35,4.7,mb,,109,1.276,0.88,us,us700046fs,2019-06-28T07:51:43.040Z,"12km NE of Bunawan, Philippines",earthquake,10.9,2,0.063,77,reviewed,us,us
2019-06-28T06:16:59.220Z,35.7886734,-96.68558502,0.05868101865,2.64,ml,58,91.96224213,0.1456306726,0.7880776901,ok,ok2019mnrz,2019-06-28T09:32:24.365Z,"5km NNW of Stroud, Oklahoma",earthquake,1.834412013,1.268226432,,43,automatic,ok,ok
2019-06-28T05:29:52.514Z,-22.4517,-65.9671,257.7,4.2,mb,,63,2.102,0.7,us,us700046ey,2019-06-28T08:51:25.495Z,"40km NW of Abra Pampa, Argentina",earthquake,9.4,3.9,0.186,8,reviewed,us,us
2019-06-28T05:16:12.230Z,36.4982,70.205,211.89,4.2,mb,,88,1.554,0.64,us,us700046es,2019-06-28T05:32:27.040Z,"32km ESE of Farkhar, Afghanistan",earthquake,6.6,8,0.084,40,reviewed,us,us
2019-06-28T04:30:34.275Z,29.9449,142.9444,10,4.7,mb,,162,2.916,1.3,us,us700046e4,2019-06-28T04:59:06.040Z,"Izu Islands, Japan region",earthquake,6.8,1.9,0.147,14,reviewed,us,us
2019-06-28T04:20:11.403Z,31.6312,-104.2822,5,2.7,mb_lg,,99,0.369,0.61,us,us700046dz,2019-06-28T04:30:21.040Z,"65km W of Mentone, Texas",earthquake,2.2,1.9,0.085,58,reviewed,us,us
2019-06-28T03:37:53.820Z,18.8646,-67.3486,7,2.71,md,4,315,0.4627,0.18,pr,pr2019179000,2019-06-28T07:50:28.804Z,"48km NNW of San Antonio, Puerto Rico",earthquake,1.83,2.15,0.33,3,reviewed,pr,pr
2019-06-28T02:07:43.607Z,13.6617,-91.8201,35,4.1,mb,,254,0.866,0.74,us,us700046df,2019-06-28T02:33:27.040Z,"71km S of Champerico, Guatemala",earthquake,5.7,2,0.073,52,reviewed,us,us
2019-06-28T00:28:45.729Z,1.8092,127.3981,106.53,4.5,mb,,111,1.03,0.63,us,us700046cw,2019-06-28T00:46:17.040Z,"68km W of Tobelo, Indonesia",earthquake,10,7.7,0.103,28,reviewed,us,us
2019-06-27T23:37:58.937Z,-17.5794,-69.9096,164.5,4,mb,,101,0.409,0.85,us,us700046cf,2019-06-27T23:58:13.040Z,"17km SE of Tarata, Peru",earthquake,6.7,8.8,0.156,11,reviewed,us,us
2019-06-27T21:47:52.420Z,19.6563,-65.4831,74,2.64,md,8,331,1.5577,0.17,pr,pr2019178009,2019-06-28T01:58:11.040Z,"124km NNE of Vieques, Puerto Rico",earthquake,3.96,12.1,0.49,2,reviewed,pr,pr
2019-06-27T20:58:24.977Z,-20.734,-173.8936,10,5.2,mb,,48,4.08,1.67,us,us7000469v,2019-06-27T21:16:48.474Z,"113km SSE of Pangai, Tonga",earthquake,10,1.8,0.044,170,reviewed,us,us
2019-06-27T20:50:46.750Z,34.0268333,-117.5683333,11.43,3.02,ml,170,15,0.02287,0.19,ci,ci38433919,2019-06-28T08:55:24.194Z,"6km NW of Mira Loma, CA",earthquake,0.1,0.18,0.184,258,reviewed,ci,ci
2019-06-27T20:45:15.742Z,-2.7169,138.4154,10,5,mb,,36,6.162,1.06,us,us7000469g,2019-06-27T21:04:38.040Z,"241km W of Abepura, Indonesia",earthquake,8.6,1.9,0.043,169,reviewed,us,us
2019-06-27T20:24:33.631Z,1.416,127.4231,162.89,4.9,mww,,76,0.642,0.66,us,us7000468p,2019-06-27T20:41:46.040Z,"68km N of Ternate, Indonesia",earthquake,9.3,5.8,0.073,18,reviewed,us,us
2019-06-27T19:55:27.883Z,62.2755,-151.1957,64.1,3.1,ml,,,,0.64,ak,ak01986pauv7,2019-06-27T20:02:26.410Z,"56km W of Talkeetna, Alaska",earthquake,,0.6,,,automatic,ak,ak
2019-06-27T19:29:45.944Z,40.2282,142.2482,54.75,4.4,mb,,173,1.062,0.44,us,us7000466b,2019-06-27T22:22:05.040Z,"70km ESE of Hachinohe, Japan",earthquake,7.6,8.4,0.109,24,reviewed,us,us
2019-06-27T18:44:12.248Z,29.4412,-104.0464,5,2.8,ml,,221,0.347,0.41,us,us7000464u,2019-06-27T19:02:38.040Z,"34km ESE of Presidio, Texas",earthquake,7.1,2,0.181,14,reviewed,us,us
2019-06-27T18:15:45.540Z,17.9765,-68.5058,93,3.24,md,7,244,1.1047,0.49,pr,pr2019178007,2019-06-27T21:43:27.040Z,"105km S of Boca de Yuma, Dominican Republic",earthquake,7.22,8.91,0.15,5,reviewed,pr,pr
2019-06-27T16:12:06.480Z,18.0609,-105.6568,10,4.4,mb,,232,5.507,1.04,us,us700045z8,2019-06-27T18:45:05.040Z,"162km SW of San Patricio, Mexico",earthquake,12,2,0.11,24,reviewed,us,us
2019-06-27T16:04:03.960Z,18.747,-65.7626,22,2.55,md,8,290,0.543,0.38,pr,pr2019178006,2019-06-27T19:49:49.298Z,"36km NNE of Vieques, Puerto Rico",earthquake,2.14,23.96,0.51,7,reviewed,pr,pr
2019-06-27T15:44:24.072Z,-2.6399,138.4924,10,4.7,mb,,56,6.242,0.66,us,us700045yk,2019-06-27T18:28:23.040Z,"232km W of Abepura, Indonesia",earthquake,8.1,1.5,0.073,57,reviewed,us,us
2019-06-27T15:39:30.084Z,-21.8337,168.7583,10,4.7,mb,,79,1.441,1.23,us,us700045yf,2019-06-27T18:16:43.040Z,"95km ESE of Tadine, New Caledonia",earthquake,6.7,1.8,0.118,25,reviewed,us,us
2019-06-27T14:14:03.932Z,-20.7121,-178.1998,525.09,4.8,mb,,114,4.609,1.16,us,us700045ww,2019-06-27T22:16:44.658Z,"52km E of Ndoi Island, Fiji",earthquake,12.6,7.3,0.037,230,reviewed,us,us
2019-06-27T12:48:36.577Z,-2.6954,138.2085,19.8,5.1,mb,,71,5.956,1.26,us,us700045wd,2019-06-27T13:20:53.040Z,"246km ENE of Enarotali, Indonesia",earthquake,11.1,4,0.056,103,reviewed,us,us
2019-06-27T11:04:57.020Z,-30.3859,-179.2332,10,6.3,mww,,56,1.605,1.22,us,us700045vh,2019-06-28T11:08:00.832Z,"120km NNW of L'Esperance Rock, New Zealand",earthquake,8.5,1.8,0.073,18,reviewed,us,us
2019-06-27T11:01:20.055Z,51.4509,-176.709,32.1,3.6,ml,,,,0.37,ak,ak01986k7suh,2019-06-27T16:11:51.691Z,"47km S of Adak, Alaska",earthquake,,0.8,,,reviewed,ak,ak
2019-06-27T10:49:56.630Z,37.4538333,-118.729,12.62,2.54,md,31,123,0.1171,0.07,nc,nc73202731,2019-06-28T02:04:48.792Z,"12km WNW of Round Valley, CA",earthquake,0.3,0.87,0.234,34,reviewed,nc,nc
2019-06-27T08:53:55.106Z,-2.7493,138.5965,10,4.7,mb,,126,6.342,0.26,us,us700045tt,2019-06-27T11:46:35.040Z,"221km W of Abepura, Indonesia",earthquake,12.8,1.9,0.137,16,reviewed,us,us
2019-06-27T06:21:20.510Z,32.2795,-115.2263333,27.03,3.24,ml,31,211,0.1294,0.34,ci,ci38432527,2019-06-27T17:30:32.957Z,"8km NW of Alberto Oviedo Mota, B.C., MX",earthquake,0.9,0.59,0.218,63,reviewed,ci,ci
2019-06-27T06:19:51.851Z,38.8556,125.6715,10,3.8,mb_lg,,131,1.567,0.27,us,us700045sm,2019-06-28T03:36:38.066Z,"11km NNE of Songnim, North Korea",earthquake,6.3,2,0.228,5,reviewed,us,us
2019-06-27T06:02:40.678Z,56.2215,164.714,10,4.1,mb,,112,4.762,1.07,us,us700045s7,2019-06-27T06:28:43.040Z,"138km E of Ust'-Kamchatsk Staryy, Russia",earthquake,6.6,1.9,0.117,20,reviewed,us,us
2019-06-27T05:50:16.378Z,69.3115,-143.8109,1.8,2.5,ml,,,,1.04,ak,ak01986gxozw,2019-06-27T06:18:20.040Z,"91km S of Kaktovik, Alaska",earthquake,,2.7,,,automatic,ak,ak
2019-06-27T05:46:23.389Z,-6.2923,125.1115,552.9,4.6,mb,,73,3.54,0.72,us,us700045sf,2019-06-27T06:40:13.040Z,"255km NNW of Dili, East Timor",earthquake,9.7,6.8,0.084,42,reviewed,us,us
2019-06-27T05:31:26.840Z,18.2771,-67.8616,109,2.96,md,14,192,0.3972,0.33,pr,pr2019178003,2019-06-27T09:28:52.040Z,"63km W of Rincon, Puerto Rico",earthquake,2.63,1.6,0.34,14,reviewed,pr,pr
2019-06-27T05:05:23.481Z,-9.4058,117.3244,89.86,4.4,mb,,111,3.269,0.56,us,us700045rj,2019-06-27T05:37:11.040Z,"81km SE of Besisora, Indonesia",earthquake,7.4,7.4,0.12,20,reviewed,us,us
2019-06-27T04:20:48.784Z,56.1951,164.308,10,5.7,mww,,74,4.573,1.04,us,us700045r4,2019-06-28T04:23:55.871Z,"113km E of Ust'-Kamchatsk Staryy, Russia",earthquake,7.5,1.8,0.044,50,reviewed,us,us
2019-06-27T02:35:18.240Z,19.1663,-68.0998,6,3.17,md,8,332,0.9982,0.54,pr,pr2019178001,2019-06-27T05:01:21.692Z,"72km NNE of Punta Cana, Dominican Republic",earthquake,30.57,29.32,0.12,8,reviewed,pr,pr
2019-06-27T01:09:44.540Z,32.389,-115.2426667,18.03,2.53,ml,19,117,0.06087,0.26,ci,ci38432231,2019-06-27T16:22:39.546Z,"6km NW of Delta, B.C., MX",earthquake,0.55,1.74,0.212,31,reviewed,ci,ci
2019-06-27T01:07:37.610Z,32.3655,-115.2383333,19.13,2.46,ml,25,126,0.07798,0.29,ci,ci38432215,2019-06-27T18:09:58.248Z,"4km WNW of Delta, B.C., MX",earthquake,0.47,1.1,0.284,21,reviewed,ci,ci
2019-06-27T00:03:17.570Z,19.2218333,-155.4556667,10.77,2.96,ml,50,108,0.02693,0.14,hv,hv71011911,2019-06-27T02:35:16.040Z,"3km NE of Pahala, Hawaii",earthquake,0.35,0.46,0.175,43,reviewed,hv,hv
2019-06-26T22:12:58.376Z,84.4877,105.6611,10,5.1,mb,,39,12.765,0.69,us,us700045mr,2019-06-26T22:31:42.040Z,"North of Severnaya Zemlya",earthquake,8.8,1.9,0.035,271,reviewed,us,us
2019-06-26T22:01:09.575Z,36.4656,70.8702,129.26,4.5,mb,,74,2.431,0.36,us,us700045m9,2019-06-27T05:30:28.239Z,"44km S of Jarm, Afghanistan",earthquake,6.2,4.7,0.089,37,reviewed,us,us
2019-06-26T21:33:32.571Z,36.835,70.9788,100.72,4.4,mb,,73,2.398,0.9,us,us700045la,2019-06-26T21:49:01.040Z,"13km ESE of Jarm, Afghanistan",earthquake,5.8,8.6,0.13,17,reviewed,us,us
2019-06-26T20:39:02.360Z,18.9181,-64.9278,32,2.71,md,10,334,1.2044,0.32,pr,pr2019177010,2019-06-27T00:34:58.957Z,"63km N of Charlotte Amalie, U.S. Virgin Islands",earthquake,2.56,19.85,0.32,7,reviewed,pr,pr
2019-06-26T20:31:33.850Z,19.4195,-65.2405,51,2.76,md,10,329,1.4148,0.28,pr,pr2019177009,2019-06-27T00:34:46.949Z,"123km NNW of Charlotte Amalie, U.S. Virgin Islands",earthquake,3.18,12.8,0.33,10,reviewed,pr,pr
2019-06-26T20:08:57.560Z,18.9806,-64.9935,45,2.76,md,6,333,1.1977,0.23,pr,pr2019177007,2019-06-27T00:34:29.877Z,"71km N of Charlotte Amalie, U.S. Virgin Islands",earthquake,3.44,14.29,0.4,5,reviewed,pr,pr
2019-06-26T19:57:50.684Z,61.9884,-148.253,12,2.7,ml,,,,0.71,ak,ak019851rzmg,2019-06-27T03:32:23.775Z,"38km NE of Sutton-Alpine, Alaska",earthquake,,0.3,,,automatic,ak,ak
2019-06-26T18:59:17.170Z,19.6473,-65.4016,11,3.3,md,15,291,1.502,0.27,pr,pr2019177006,2019-06-26T19:56:51.582Z,"142km NNE of Vieques, Puerto Rico",earthquake,6.18,9.06,0.44,10,reviewed,pr,pr
2019-06-26T18:06:29.664Z,-31.0124,-177.2946,10,5.3,mww,,64,1.845,1.02,us,us700045f8,2019-06-26T18:25:56.040Z,"159km ENE of L'Esperance Rock, New Zealand",earthquake,9.1,1.9,0.073,18,reviewed,us,us
2019-06-26T17:34:37.550Z,45.5596667,-111.8731667,3.17,2.78,ml,31,45,0.175,0.19,mb,mb80349824,2019-06-27T13:11:37.560Z,"30km N of Virginia City, Montana",earthquake,0.3,1.36,0.238,24,reviewed,mb,mb
2019-06-26T15:35:05.219Z,35.78683333,-96.69233333,7.51,2.52,ml,82,88,0,0.2,ok,ok2019mktj,2019-06-27T01:55:27.026Z,"4km NW of Stroud, Oklahoma",earthquake,,0.4,0.26,30,reviewed,ok,ok
2019-06-26T14:23:29.929Z,56.1349,163.9618,10,4.4,mb,,111,4.389,0.97,us,us700045ag,2019-06-27T07:46:19.040Z,"92km E of Ust'-Kamchatsk Staryy, Russia",earthquake,9.5,1.9,0.097,31,reviewed,us,us
2019-06-26T11:02:18.016Z,56.1406,164.6194,10,4.2,mb,,113,4.669,0.47,us,us70004592,2019-06-26T11:27:32.040Z,"133km E of Ust'-Kamchatsk Staryy, Russia",earthquake,5.6,2,0.132,16,reviewed,us,us
2019-06-26T10:57:22.510Z,56.1925,164.4286,10,4.6,mb,,111,4.622,0.56,us,us7000458v,2019-06-26T11:15:31.040Z,"121km E of Ust'-Kamchatsk Staryy, Russia",earthquake,8.9,1.9,0.086,40,reviewed,us,us
2019-06-26T10:42:58.208Z,56.2434,163.9364,10,4.3,mb,,114,4.454,1.26,us,us7000458n,2019-06-26T11:24:50.040Z,"90km E of Ust'-Kamchatsk Staryy, Russia",earthquake,11.6,1.9,0.09,35,reviewed,us,us
2019-06-26T10:17:06.037Z,66.2954,-157.2134,0,2.7,ml,,,,0.75,ak,ak01984w6f2g,2019-06-26T10:31:34.040Z,"69km SSW of Kobuk, Alaska",earthquake,,0.2,,,automatic,ak,ak
2019-06-26T10:06:17.280Z,19.1728333,-155.4835,34.82,2.8,ml,73,87,0.02662,0.11,hv,hv71010881,2019-06-27T00:37:51.708Z,"4km S of Pahala, Hawaii",earthquake,0.37,0.45,0.205,41,reviewed,hv,hv
2019-06-26T09:21:58.493Z,36.5301,70.3361,209.86,4.3,mb,,66,2.247,0.56,us,us70004581,2019-06-26T09:36:13.040Z,"43km E of Farkhar, Afghanistan",earthquake,5.9,7.7,0.105,26,reviewed,us,us
2019-06-26T09:16:23.240Z,41.9865,-111.4715,1.4,2.48,ml,21,80,0.1792,0.13,uu,uu60328507,2019-06-26T14:34:15.350Z,"27km SSW of Paris, Idaho",earthquake,0.39,0.95,0.102,16,reviewed,uu,uu
2019-06-26T08:53:49.550Z,37.3896667,-121.7393333,7.24,2.46,md,126,34,0.02888,0.1,nc,nc73202311,2019-06-27T06:33:31.882Z,"8km ENE of Alum Rock, CA",earthquake,0.1,0.25,0.146,94,reviewed,nc,nc
2019-06-26T07:42:18.610Z,59.0901,-154.7419,128.6,2.5,ml,,,,0.9,ak,ak01984uji0c,2019-06-26T07:50:44.305Z,"74km S of Old Iliamna, Alaska",earthquake,,0.5,,,automatic,ak,ak
2019-06-26T07:10:29.746Z,-7.1913,123.2513,606.6,4.3,mb,,61,1.751,0.64,us,us7000456k,2019-06-26T07:34:03.040Z,"153km NNE of Palue, Indonesia",earthquake,11.4,6,0.138,15,reviewed,us,us
2019-06-26T05:53:34.369Z,56.1743,164.8258,10,4.5,mb,,113,4.78,1.45,us,us7000455y,2019-06-26T06:11:34.040Z,"131km NNW of Nikol'skoye, Russia",earthquake,12,1.9,0.048,126,reviewed,us,us
2019-06-26T05:33:59.840Z,19.0391,-65.9951,23,2.71,md,16,285,0.7354,0.35,pr,pr2019177004,2019-06-26T08:50:58.918Z,"64km N of San Juan, Puerto Rico",earthquake,1.37,21.75,0.38,15,reviewed,pr,pr
2019-06-26T05:23:50.890Z,8.449,-82.7677,26.22,6.2,mww,,42,0.351,1.23,us,us7000455l,2019-06-28T01:43:51.391Z,"5km SE of Aserrio de Gariche, Panama",earthquake,5.7,3,0.031,100,reviewed,us,us
2019-06-26T05:17:07.870Z,55.5856,164.2477,29.14,4.8,mb,,96,4.163,1.1,us,us7000455p,2019-06-26T05:52:21.040Z,"118km WNW of Nikol'skoye, Russia",earthquake,8.7,4.9,0.061,84,reviewed,us,us
2019-06-26T05:15:25.104Z,55.6616,164.6885,10,4.6,mb,,95,4.412,1.42,us,us7000455f,2019-06-26T06:35:55.040Z,"97km WNW of Nikol'skoye, Russia",earthquake,10.7,1.9,0.044,150,reviewed,us,us
2019-06-26T04:50:03.171Z,-2.6881,138.4391,37.25,4.9,mb,,113,6.187,0.72,us,us70004558,2019-06-26T05:10:09.040Z,"238km W of Abepura, Indonesia",earthquake,10.6,7.5,0.055,106,reviewed,us,us
2019-06-26T04:28:20.010Z,20.3461667,-155.7891667,40.91,2.49,md,59,178,0.1164,0.14,hv,hv71010501,2019-06-27T01:27:02.360Z,"12km N of Kapaau, Hawaii",earthquake,0.63,0.47,0.063,26,reviewed,hv,hv
2019-06-26T03:50:57.065Z,55.8906,164.4485,10,4.5,mb,,106,4.438,0.72,us,us70004548,2019-06-26T04:52:33.040Z,"124km NW of Nikol'skoye, Russia",earthquake,9.9,1.9,0.086,40,reviewed,us,us
2019-06-26T03:18:15.324Z,-9.536,157.7469,12.44,5.7,mww,,38,2.173,0.61,us,us7000453l,2019-06-27T03:20:06.915Z,"187km SSE of Gizo, Solomon Islands",earthquake,6.6,4.4,0.073,18,reviewed,us,us
2019-06-26T02:58:08.388Z,52.0362,-170.5883,98.1,2.5,ml,,211,1.414,0.4,us,us700045cy,2019-06-27T02:37:32.040Z,"66km S of Yunaska Island, Alaska",earthquake,19.8,45.1,0.128,8,reviewed,us,us
2019-06-26T02:44:27.376Z,56.3586,163.8162,10,4.6,mb,,105,4.488,0.64,us,us7000452c,2019-06-26T03:15:51.040Z,"84km E of Ust'-Kamchatsk Staryy, Russia",earthquake,5.3,1.8,0.063,74,reviewed,us,us
2019-06-26T02:18:07.944Z,56.1937,164.1339,10,6.4,mww,,22,4.5,0.88,us,us7000451w,2019-06-27T02:23:27.394Z,"102km E of Ust'-Kamchatsk Staryy, Russia",earthquake,7.2,1.8,0.062,25,reviewed,us,us
2019-06-26T01:41:07.255Z,-32.4528,-69.9488,106.2,4.3,mb,,83,0.595,0.78,us,us70004518,2019-06-26T03:20:16.040Z,"74km NE of Los Andes, Chile",earthquake,5.4,6.1,0.217,6,reviewed,us,us
2019-06-26T01:38:55.733Z,-9.2133,-75.8067,10,4.6,mb,,124,2.938,0.7,us,us70004519,2019-06-26T02:59:58.040Z,"23km ENE of Tingo Maria, Peru",earthquake,8.6,1.9,0.093,34,reviewed,us,us
2019-06-26T01:35:46.420Z,33.4965,-116.699,14,2.72,ml,127,13,0.0272,0.19,ci,ci38430487,2019-06-27T18:31:41.555Z,"7km SSW of Anza, CA",earthquake,0.1,0.2,0.235,26,reviewed,ci,ci
2019-06-26T01:27:32.140Z,17.9811,-66.3783,13,2.54,md,6,190,0.2217,0.2,pr,pr2019177003,2019-06-26T06:10:22.706Z,"1km NW of Jauca, Puerto Rico",earthquake,0.79,0.88,0.12,3,reviewed,pr,pr
2019-06-26T01:19:57.590Z,31.6213333,-114.4978333,6,2.86,ml,2,243,0.6557,0.08,ci,ci38430463,2019-06-26T17:15:56.091Z,"80km SE of Estacion Coahuila, B.C., MX",earthquake,1.29,31.61,0.03,3,reviewed,ci,ci
2019-06-26T00:48:59.206Z,-1.1704,-23.7117,10,4.7,mb,,112,11.487,0.72,us,us7000450v,2019-06-26T01:05:56.040Z,"Central Mid-Atlantic Ridge",earthquake,4.2,1.9,0.081,46,reviewed,us,us
2019-06-26T00:48:31.936Z,60.0402,-147.2428,24.9,3.1,ml,,99,0.091,0.82,us,us7000450r,2019-06-26T02:52:21.040Z,"84km NW of Middleton Island, Alaska",earthquake,3,9.8,0.028,167,reviewed,us,us
2019-06-26T00:43:11.070Z,18.1733,-68.0788,126,3.24,md,18,204,0.6357,0.3,pr,pr2019177000,2019-06-26T02:46:24.040Z,"58km SE of Punta Cana, Dominican Republic",earthquake,3.83,1.59,0.36,15,reviewed,pr,pr
2019-06-26T00:29:51.191Z,43.4108,-127.2034,10,4.1,mb,,191,2.167,0.76,us,us7000450i,2019-06-26T01:16:18.040Z,"229km W of Bandon, Oregon",earthquake,8.7,2,0.089,34,reviewed,us,us
2019-06-26T00:28:35.740Z,18.9045,-69.4865,85.8,2.6,ml,,188,0.153,0.97,us,us70004550,2019-06-27T02:19:12.040Z,"13km SW of El Valle, Dominican Republic",earthquake,12,21.4,0.081,20,reviewed,us,us
2019-06-25T22:57:13.300Z,19.3258,-66.249,65,2.79,md,3,348,1.1016,0.22,pr,pr2019176022,2019-06-25T23:17:05.696Z,"95km N of Dorado, Puerto Rico",earthquake,9.96,17.72,0.09,3,reviewed,pr,pr
2019-06-25T22:44:21.326Z,22.635,143.2558,138.7,4.4,mb,,102,4.546,0.65,us,us700044yt,2019-06-27T04:18:48.040Z,"287km NW of Farallon de Pajaros, Northern Mariana Islands",earthquake,11.7,7.9,0.105,26,reviewed,us,us
2019-06-25T22:35:41.085Z,-30.8474,-177.2213,10,4.8,mb,,193,1.71,0.55,us,us700044yn,2019-06-26T10:30:24.500Z,"172km ENE of L'Esperance Rock, New Zealand",earthquake,11.5,2,0.148,14,reviewed,us,us
2019-06-25T22:26:43.440Z,-4.8055,103.0882,66.86,4.6,mb,,115,0.461,0.82,us,us700044yd,2019-06-25T22:58:01.040Z,"79km WNW of Kuripan, Indonesia",earthquake,8,5.2,0.09,37,reviewed,us,us
2019-06-25T22:24:27.716Z,-57.9843,-25.2735,35,4.9,mb,,83,16.543,0.75,us,us700044z4,2019-06-25T23:18:52.040Z,"137km NNE of Bristol Island, South Sandwich Islands",earthquake,9.9,1.9,0.101,31,reviewed,us,us
2019-06-25T20:32:17.891Z,0.2479,124.1685,118.67,4.5,mb,,46,1.895,0.93,us,us700044wh,2019-06-25T20:52:00.040Z,"25km SE of Molibagu, Indonesia",earthquake,7.6,7.7,0.087,39,reviewed,us,us
2019-06-25T19:50:39.420Z,19.6341,-65.3593,55,3.22,md,15,319,1.5101,0.26,pr,pr2019176021,2019-06-25T20:22:43.040Z,"144km NNE of Vieques, Puerto Rico",earthquake,2.73,11.32,0.42,14,reviewed,pr,pr
2019-06-25T19:42:04.758Z,-2.6486,138.5185,10,4.4,mb,,96,6.268,0.94,us,us700044vf,2019-06-25T20:19:49.040Z,"229km W of Abepura, Indonesia",earthquake,11,1.9,0.107,25,reviewed,us,us
2019-06-25T19:20:16.489Z,-21.8506,-68.4688,117.37,4.4,mb,,67,0.72,0.73,us,us700044ud,2019-06-25T20:09:37.040Z,"83km NE of Calama, Chile",earthquake,7.2,7.9,0.095,35,reviewed,us,us
2019-06-25T19:06:45.880Z,34.036,-117.5088333,3.41,2.63,ml,135,15,0.04872,0.19,ci,ci38430047,2019-06-27T21:33:45.891Z,"4km NW of Glen Avon, CA",earthquake,0.1,0.2,0.202,23,reviewed,ci,ci
2019-06-25T18:16:31.360Z,19.3668,-65.8015,84,2.7,md,6,321,1.2256,0.22,pr,pr2019176020,2019-06-25T18:41:51.040Z,"107km N of Vieques, Puerto Rico",earthquake,4.83,9.6,0.37,6,reviewed,pr,pr
2019-06-25T15:59:44.689Z,56.261,163.791,10,4.7,mb,,91,4.408,0.67,us,us700044rn,2019-06-25T16:55:12.040Z,"81km E of Ust'-Kamchatsk Staryy, Russia",earthquake,8.7,1.9,0.029,357,reviewed,us,us
2019-06-25T12:59:02.711Z,60.8768,-149.483,20.5,3.3,ml,,,,0.77,ak,ak01983a2xjd,2019-06-26T13:01:02.872Z,"44km SSE of Anchorage, Alaska",earthquake,,0.3,,,reviewed,ak,ak
2019-06-25T12:36:58.632Z,-20.0898,-68.2553,178.35,4.5,mb,,84,0.978,0.48,us,us600045pg,2019-06-25T13:51:15.040Z,"140km W of Colchani, Bolivia",earthquake,8.5,8.3,0.22,6,reviewed,us,us
2019-06-25T11:38:41.529Z,-2.8514,138.5281,35,4.7,mb,,54,6.271,0.66,us,us600045pb,2019-06-25T14:45:04.040Z,"229km W of Abepura, Indonesia",earthquake,5.3,1.9,0.057,94,reviewed,us,us
2019-06-25T11:15:59.970Z,19.4013,-65.3925,106,2.53,md,5,332,1.5197,0.56,pr,pr2019176019,2019-06-25T17:08:48.399Z,"117km NNE of Vieques, Puerto Rico",earthquake,9.99,16.09,0.04,3,reviewed,pr,pr
2019-06-25T11:14:05.480Z,40.3546667,-125.2755,14.15,2.55,md,12,327,0.7163,0.31,nc,nc73201901,2019-06-26T03:03:04.282Z,"84km W of Petrolia, CA",earthquake,14.76,17.61,0.142,24,reviewed,nc,nc
2019-06-25T09:05:40.871Z,56.208,164.1836,10,6.3,mww,,55,4.53,1.07,us,us600045mz,2019-06-26T09:13:21.422Z,"105km E of Ust'-Kamchatsk Staryy, Russia",earthquake,7.5,1.8,0.066,22,reviewed,us,us
2019-06-25T07:38:08.610Z,19.2575,-68.4095,54,2.76,md,11,202,0.7794,0.53,pr,pr2019176014,2019-06-25T15:44:46.610Z,"72km NNE of Otra Banda, Dominican Republic",earthquake,3.53,7.42,0.46,11,reviewed,pr,pr
2019-06-25T06:01:49.444Z,-48.0161,99.6309,10,5.8,mww,,50,19.187,1.21,us,us600045lr,2019-06-26T06:03:30.877Z,"Southeast Indian Ridge",earthquake,11.8,1.9,0.065,23,reviewed,us,us
2019-06-25T03:46:41.780Z,19.5378,-65.3383,44,2.95,md,10,329,1.4861,0.43,pr,pr2019176006,2019-06-25T10:04:44.908Z,"133km NNE of Vieques, Puerto Rico",earthquake,4.71,26.62,0.43,8,reviewed,pr,pr
2019-06-25T02:49:11.400Z,19.1195,-66.4355,39,2.51,md,10,321,0.6492,0.25,pr,pr2019176005,2019-06-25T04:59:34.370Z,"72km N of Brenas, Puerto Rico",earthquake,2.04,6.31,0.45,6,reviewed,pr,pr
2019-06-25T02:21:09.230Z,18.1943,-64.4796,72,2.61,md,3,353,1.3702,0.07,pr,pr2019176004,2019-06-25T04:59:21.149Z,"28km SSE of Road Town, British Virgin Islands",earthquake,7.48,6.81,0.19,3,reviewed,pr,pr
2019-06-25T01:08:23.030Z,19.1525,-66.4495,25,2.66,md,6,325,0.6801,0.27,pr,pr2019176002,2019-06-25T04:59:02.469Z,"76km N of Tierras Nuevas Poniente, Puerto Rico",earthquake,2.09,20.87,0.19,4,reviewed,pr,pr
2019-06-25T01:06:51.420Z,19.1673,-66.4766,8,2.65,md,13,278,0.6922,0.2,pr,pr2019176001,2019-06-25T04:58:46.957Z,"78km N of Tierras Nuevas Poniente, Puerto Rico",earthquake,1.64,2.45,0.39,11,reviewed,pr,pr
2019-06-25T00:59:14.722Z,1.6636,126.348,42.38,4.6,mb,,98,1.349,0.84,us,us600045k1,2019-06-25T01:25:51.040Z,"131km E of Bitung, Indonesia",earthquake,8.5,7.2,0.073,56,reviewed,us,us
2019-06-25T00:45:58.400Z,19.028,-66.7966,23,2.89,md,5,311,0.6427,0.04,pr,pr2019176000,2019-06-25T04:58:40.165Z,"60km N of Hatillo, Puerto Rico",earthquake,0.76,8.35,0.11,5,reviewed,pr,pr
2019-06-24T22:39:45.203Z,-2.6383,138.4899,10,5,mb,,30,6.24,0.76,us,us600045j5,2019-06-24T23:38:06.040Z,"232km W of Abepura, Indonesia",earthquake,8.5,1.7,0.04,202,reviewed,us,us
2019-06-24T20:55:52.005Z,33.751,-96.6897,5,2.8,mb_lg,,111,0.63,0.6,us,us600045f8,2019-06-26T17:45:28.163Z,"2km WSW of Pottsboro, Texas",earthquake,1.6,1.9,0.058,77,reviewed,us,us
2019-06-24T20:51:12.392Z,-2.6783,138.5387,34.22,4.4,mb,,128,6.286,0.71,us,us600045f9,2019-06-25T18:01:08.040Z,"227km W of Abepura, Indonesia",earthquake,9.9,6.2,0.1,29,reviewed,us,us
2019-06-24T19:21:37.388Z,-57.9968,-25.4108,35,5.5,mww,,31,16.258,0.75,us,us600045dg,2019-06-25T19:23:44.219Z,"132km NNE of Bristol Island, South Sandwich Islands",earthquake,5.3,1.9,0.073,18,reviewed,us,us
2019-06-24T19:15:39.624Z,-24.0626,-179.9428,516.03,4.4,mb,,112,5.466,0.72,us,us600045di,2019-06-24T20:29:20.040Z,"South of the Fiji Islands",earthquake,14.8,9.3,0.112,23,reviewed,us,us
2019-06-24T19:05:54.972Z,-2.6236,138.4002,10,4.7,mb,,56,6.151,0.38,us,us600045cx,2019-06-25T18:15:55.040Z,"242km W of Abepura, Indonesia",earthquake,9.8,1.9,0.067,67,reviewed,us,us
2019-06-24T18:28:12.490Z,18.3525,-68.0566,177,3.14,md,10,331,0.5783,0.61,pr,pr2019175008,2019-06-25T18:35:00.040Z,"53km SE of Boca de Yuma, Dominican Republic",earthquake,8.42,3.18,0.34,8,reviewed,pr,pr
2019-06-24T17:35:13.508Z,-2.7582,138.3682,10,5.3,mww,,31,6.113,0.99,us,us600045bc,2019-06-26T12:13:03.040Z,"246km W of Abepura, Indonesia",earthquake,7.9,1.9,0.069,20,reviewed,us,us
2019-06-24T16:53:19.953Z,-2.6851,138.4704,10,5.7,mb,,37,6.218,0.75,us,us600045am,2019-06-25T16:54:53.403Z,"235km W of Abepura, Indonesia",earthquake,8,1.9,0.037,257,reviewed,us,us
2019-06-24T16:14:40.795Z,-21.104,-178.9518,635.99,4.8,mb,,128,4.376,0.85,us,us600045aa,2019-06-24T16:48:27.040Z,"56km SSW of Ndoi Island, Fiji",earthquake,13,8.5,0.044,159,reviewed,us,us
2019-06-24T15:53:26.048Z,-5.607,110.3342,551.58,4.9,mb,,51,1.436,0.74,us,us6000459v,2019-06-24T16:46:03.040Z,"105km NNW of Batang, Indonesia",earthquake,9.7,5.9,0.049,131,reviewed,us,us
2019-06-24T15:14:10.001Z,27.631,53.1124,10,4.3,mb,,76,3.854,0.52,us,us60004599,2019-06-24T15:51:26.040Z,"101km W of Gerash, Iran",earthquake,7.8,1.9,0.111,23,reviewed,us,us
2019-06-24T15:13:25.773Z,-2.8544,138.7906,37.89,4.4,mb,,77,6.533,0.9,us,us6000459d,2019-06-24T15:37:21.040Z,"200km W of Abepura, Indonesia",earthquake,11.4,7.8,0.117,21,reviewed,us,us
2019-06-24T14:13:23.410Z,36.813,-98.25716667,5,2.89,ml,57,194,0,0.16,ok,ok2019mgzr,2019-06-24T15:06:59.040Z,"10km ENE of Cherokee, Oklahoma",earthquake,,0.4,0.21,28,reviewed,ok,ok
2019-06-24T13:55:59.891Z,64.5896,-17.8252,10,4.5,mb,,114,1.514,1.07,us,us60004584,2019-06-24T14:35:27.040Z,"122km S of Akureyri, Iceland",earthquake,8.5,1.9,0.064,73,reviewed,us,us
2019-06-24T13:24:22.658Z,25.0102,101.5698,10,4.8,mb,,72,4.13,0.91,us,us6000457x,2019-06-24T17:01:00.100Z,"27km S of Gonghe, China",earthquake,7.7,1.9,0.056,98,reviewed,us,us
2019-06-24T13:09:09.782Z,64.6351,-17.7082,7.27,4.5,mb,,115,1.559,0.95,us,us6000457r,2019-06-24T14:05:18.040Z,"118km S of Akureyri, Iceland",earthquake,6.2,4.8,0.053,102,reviewed,us,us
2019-06-24T12:25:31.510Z,69.5433,-144.1677,0,3.1,ml,,,,0.58,ak,ak01981mcczr,2019-06-24T12:32:34.373Z,"68km SSW of Kaktovik, Alaska",earthquake,,1.2,,,automatic,ak,ak
2019-06-24T11:34:08.744Z,-30.8424,-177.3775,10,5.9,mww,,58,13.686,1.15,us,us6000456p,2019-06-25T11:35:52.113Z,"159km ENE of L'Esperance Rock, New Zealand",earthquake,12.5,1.9,0.071,19,reviewed,us,us
2019-06-24T10:22:39.946Z,35.0178,139.1644,10,4.3,mb,,129,0.875,0.62,us,us60004564,2019-06-25T07:00:00.800Z,"9km NE of Ito, Japan",earthquake,4.6,1.9,0.142,14,reviewed,us,us
2019-06-24T10:17:35.723Z,-2.6825,138.5422,10,4.7,mb,,126,6.29,0.63,us,us60004567,2019-06-24T13:55:09.040Z,"227km W of Abepura, Indonesia",earthquake,7.6,1.9,0.065,72,reviewed,us,us
2019-06-24T10:12:08.307Z,14.5609,-92.801,50.13,4.5,mb,,173,1.071,0.91,us,us60004562,2019-06-24T14:01:20.040Z,"44km WSW of Puerto Madero, Mexico",earthquake,8.9,11.1,0.03,337,reviewed,us,us
2019-06-24T09:56:47.287Z,-2.7034,138.4061,10,4.8,mb,,71,6.153,1.24,us,us6000455y,2019-06-24T10:40:06.040Z,"242km W of Abepura, Indonesia",earthquake,9.4,1.9,0.053,108,reviewed,us,us
2019-06-24T09:04:23.149Z,64.2614,-149.8276,20.2,3.4,ml,,,,0.78,ak,ak01981kfjj5,2019-06-24T17:28:51.692Z,"49km SW of North Nenana, Alaska",earthquake,,0.1,,,reviewed,ak,ak
2019-06-24T08:42:35.130Z,19.692,-65.3945,36,3.11,md,17,319,1.5451,0.27,pr,pr2019175006,2019-06-24T14:20:26.040Z,"143km NNE of Vieques, Puerto Rico",earthquake,1.9,17.42,0.22,15,reviewed,pr,pr
2019-06-24T08:17:06.948Z,-0.158,124.4487,85.24,4.7,mb,,39,1.892,1,us,us6000455a,2019-06-24T08:35:58.040Z,"79km SE of Molibagu, Indonesia",earthquake,6.9,8.1,0.073,56,reviewed,us,us
2019-06-24T07:19:45.785Z,-2.7079,138.562,10,5,mb,,59,8.821,0.84,us,us6000454y,2019-06-24T07:40:29.040Z,"224km W of Abepura, Indonesia",earthquake,9.9,1.9,0.045,159,reviewed,us,us
2019-06-24T06:52:27.530Z,19.1226,-66.5383,10,2.68,md,14,275,0.6456,0.23,pr,pr2019175005,2019-06-24T09:21:08.040Z,"82km NNE of Arecibo, Puerto Rico",earthquake,1.57,2.28,0.34,14,reviewed,pr,pr
2019-06-24T06:43:16.258Z,39.1508,-99.0983,5,2.6,mb_lg,,109,0.601,1.2,us,us6000454c,2019-06-24T13:48:52.830Z,"19km ESE of Plainville, Kansas",earthquake,2.6,1.9,0.088,34,reviewed,us,us
2019-06-24T06:27:11.999Z,-2.7692,138.6082,10,4.6,mb,,122,6.353,0.91,us,us60004548,2019-06-24T14:42:52.040Z,"220km W of Abepura, Indonesia",earthquake,11.7,1.9,0.062,79,reviewed,us,us
2019-06-24T06:24:46.610Z,19.0151,-67.0235,15,2.61,md,5,328,0.5546,0.21,pr,pr2019175004,2019-06-24T07:06:29.628Z,"56km N of Isabela, Puerto Rico",earthquake,1.71,1.71,0.2,4,reviewed,pr,pr
2019-06-24T05:51:17.390Z,18.263,-67.5185,115,2.75,md,4,299,0.4558,0.25,pr,pr2019175002,2019-06-24T07:04:54.285Z,"29km WSW of Rincon, Puerto Rico",earthquake,3.46,1.54,0.09,4,reviewed,pr,pr
2019-06-24T05:15:49.386Z,-2.6651,138.4385,10,5.3,mb,,56,8.941,1.29,us,us6000453n,2019-06-24T05:36:11.040Z,"238km W of Abepura, Indonesia",earthquake,3.1,1.9,0.041,203,reviewed,us,us
2019-06-24T04:47:06.745Z,-2.6518,138.4851,10,5.6,mb,,34,6.234,1.05,us,us6000453g,2019-06-25T04:48:54.412Z,"233km W of Abepura, Indonesia",earthquake,7.6,1.8,0.059,100,reviewed,us,us
2019-06-24T04:42:41.162Z,-38.6301,-73.4062,21.42,4.6,mb,,147,1.248,0.78,us,us6000453d,2019-06-24T06:58:46.602Z,"22km WNW of Carahue, Chile",earthquake,7.4,6.5,0.117,22,reviewed,us,us
2019-06-24T03:28:26.040Z,-6.4042,129.156,218.21,5.2,mb,,65,2.641,0.71,us,us60004514,2019-06-24T03:44:08.040Z,"293km NW of Saumlaki, Indonesia",earthquake,8.8,8.2,0.115,25,reviewed,us,us
2019-06-24T02:53:40.179Z,-6.389,129.2204,208.25,7.3,mww,,34,2.599,1.11,us,us600044zz,2019-06-27T15:29:34.871Z,"288km NW of Saumlaki, Indonesia",earthquake,7.8,7.4,0.061,26,reviewed,us,us
2019-06-24T02:48:06.304Z,-2.6648,138.4852,10,5.1,mb,,56,6.234,1.21,us,us600044zy,2019-06-24T03:12:06.255Z,"233km W of Abepura, Indonesia",earthquake,4.2,1.9,0.102,31,reviewed,us,us
2019-06-24T02:43:54.955Z,-2.6821,138.5468,10,5.3,mb,,37,6.294,0.89,us,us600044zx,2019-06-24T03:01:08.040Z,"226km W of Abepura, Indonesia",earthquake,8,1.8,0.047,151,reviewed,us,us
2019-06-24T02:26:54.867Z,-2.7119,138.5395,10,4.7,mb,,98,6.286,0.71,us,us600044zq,2019-06-24T03:11:59.040Z,"227km W of Abepura, Indonesia",earthquake,8.3,1.9,0.059,87,reviewed,us,us
2019-06-24T02:03:11.410Z,-2.674,138.6806,10,4.7,mb,,110,6.428,0.6,us,us600044zm,2019-06-24T02:50:30.040Z,"211km W of Abepura, Indonesia",earthquake,5.1,1.9,0.084,43,reviewed,us,us
2019-06-24T01:45:42.588Z,-2.6937,138.592,10,4.7,mb,,72,6.339,0.92,us,us600044zf,2019-06-24T02:11:25.040Z,"221km W of Abepura, Indonesia",earthquake,6.5,1.9,0.069,65,reviewed,us,us
2019-06-24T01:28:37.170Z,-2.7105,138.495,10,5.3,mb,,47,6.242,1.21,us,us600044za,2019-06-24T16:03:27.040Z,"232km W of Abepura, Indonesia",earthquake,7.4,1.5,0.04,208,reviewed,us,us
2019-06-24T01:23:16.859Z,28.5199,104.7971,10,4.6,mb,,96,4.456,1.21,us,us600044z8,2019-06-24T02:03:59.040Z,"10km NE of Xunchang, China",earthquake,2.6,1.9,0.063,75,reviewed,us,us
2019-06-24T01:22:46.681Z,-2.659,138.5881,10,5,mb,,111,6.337,0.69,us,us600044z9,2019-06-24T02:04:59.040Z,"221km W of Abepura, Indonesia",earthquake,7.8,1.9,0.055,107,reviewed,us,us
2019-06-24T01:05:29.499Z,-2.7913,138.5473,28,6.1,mww,,20,6.291,1.07,us,us600044z4,2019-06-25T01:08:20.077Z,"227km W of Abepura, Indonesia",earthquake,7.8,1.8,0.048,41,reviewed,us,us
2019-06-24T00:55:26.207Z,-1.5081,120.359,10,4.5,mb,,97,2.456,1.01,us,us600044z2,2019-06-24T01:20:11.040Z,"34km WSW of Kasiguncu, Indonesia",earthquake,5.3,1.9,0.128,18,reviewed,us,us
2019-06-24T00:53:22.970Z,19.0531,-67.527,12,2.54,md,5,243,0.6704,0.36,pr,pr2019175000,2019-06-24T07:02:52.813Z,"76km NW of San Antonio, Puerto Rico",earthquake,5.01,6.27,0.29,5,reviewed,pr,pr
2019-06-24T00:30:41.412Z,8.7699,-73.3396,126.4,4.4,mb,,139,2.676,1.03,us,us600044z0,2019-06-24T00:50:56.040Z,"31km NNE of El Carmen, Colombia",earthquake,14.5,11.6,0.077,49,reviewed,us,us
2019-06-24T00:11:44.822Z,34.9298,140.0177,43.72,5.3,mww,,18,1.53,0.72,us,us600044yu,2019-06-26T21:15:45.995Z,"15km ESE of Tateyama, Japan",earthquake,3.4,3.8,0.066,22,reviewed,us,us
2019-06-23T23:35:08.596Z,29.9325,105.0694,10,4.6,mb,,118,3.849,0.76,us,us600044yj,2019-06-24T01:29:07.040Z,"26km NE of Chonglong, China",earthquake,12.5,1.9,0.051,117,reviewed,us,us
2019-06-23T23:23:05.778Z,18.278,145.8913,178.65,4.6,mb,,83,3.021,0.65,us,us600044yf,2019-06-24T00:00:15.040Z,"22km NE of Pagan, Northern Mariana Islands",earthquake,9.8,7.1,0.031,303,reviewed,us,us
2019-06-23T23:13:25.970Z,19.1833,-67.7643,19,2.73,md,6,329,0.8482,0.24,pr,pr2019174026,2019-06-24T07:01:52.684Z,"94km NE of Punta Cana, Dominican Republic",earthquake,9.12,18.21,0.41,4,reviewed,pr,pr
2019-06-23T22:39:10.810Z,40.3198333,-124.8655,12.3,3.87,mw,70,231,0.4011,0.23,nc,nc73201431,2019-06-24T23:42:03.838Z,"49km W of Petrolia, CA",earthquake,0.51,0.78,,4,reviewed,nc,nc
2019-06-23T21:01:29.389Z,55.7027,143.5977,10,4.4,mb,,112,5.468,0.74,us,us600044xk,2019-06-23T21:33:15.040Z,"240km N of Okha, Russia",earthquake,13.2,2,0.085,40,reviewed,us,us
2019-06-23T20:43:47.977Z,41.8458,12.7506,12.6,3.4,ml,,75,0.771,1.41,us,us600044xg,2019-06-26T01:27:00.328Z,"1km N of Colonna, Italy",earthquake,4.6,7.5,0.053,46,reviewed,us,us
2019-06-23T19:58:43.280Z,18.5796,-68.9611,125,3.76,md,26,176,0.7456,0.02,pr,pr2019174025,2019-06-23T20:36:27.040Z,"2km S of Guaymate, Dominican Republic",earthquake,0.84,1.38,0.39,23,reviewed,pr,pr
2019-06-23T19:35:52.893Z,17.3441,-94.6505,141.92,4.7,mb,,110,2.629,0.88,us,us600044wk,2019-06-23T23:35:05.844Z,"41km ESE of Jesus Carranza, Mexico",earthquake,8.9,8,0.031,317,reviewed,us,us
2019-06-23T18:42:08.069Z,-22.3843,-178.9264,503.76,4.9,mb,,102,5.418,0.8,us,us600044we,2019-06-23T19:00:15.040Z,"193km S of Ndoi Island, Fiji",earthquake,10.3,7.3,0.067,71,reviewed,us,us
2019-06-23T18:35:13.085Z,68.5216,-146.5674,0,3.1,ml,,,,0.75,ak,ak019802fpu6,2019-06-23T18:43:31.041Z,"61km NW of Arctic Village, Alaska",earthquake,,0.5,,,automatic,ak,ak
2019-06-23T17:09:23.320Z,-21.9945,-70.3962,35.6,4.6,mb,,141,0.599,1.15,us,us600044vy,2019-06-23T17:20:50.040Z,"23km WNW of Tocopilla, Chile",earthquake,4.6,8.5,0.173,10,reviewed,us,us
2019-06-23T16:51:59.950Z,34.4488,45.5738,10,4.7,mb,,86,0.677,0.61,us,us600044vv,2019-06-23T18:09:52.040Z,"26km W of Sarpol-e Zahab, Iran",earthquake,2.8,1.9,0.047,137,reviewed,us,us
2019-06-23T15:42:27.975Z,7.3323,-81.2216,5.49,4.6,mb,,141,2.053,0.71,us,us600044vi,2019-06-26T05:41:12.278Z,"72km S of Rio de Jesus, Panama",earthquake,5.5,6.4,0.046,141,reviewed,us,us
2019-06-23T13:23:09.145Z,-16.3867,177.5182,10,4.7,mb,,55,1.444,0.74,us,us600044uz,2019-06-23T14:04:51.040Z,"136km N of Lautoka, Fiji",earthquake,10.8,1.9,0.077,51,reviewed,us,us
2019-06-23T13:03:37.875Z,52.3194,-174.1257,174.2,3.1,ml,,124,0.126,0.23,us,us600044vw,2019-06-23T17:22:21.040Z,"14km NNE of Atka, Alaska",earthquake,7,3.6,0.097,14,reviewed,us,us
2019-06-23T11:37:52.059Z,-14.922,-173.4203,10,4.6,mb,,108,1.883,0.8,us,us600044uf,2019-06-26T05:42:59.040Z,"119km NNE of Hihifo, Tonga",earthquake,7.8,1.4,0.076,52,reviewed,us,us
2019-06-23T11:29:17.640Z,18.8006,-68.4725,124,3.28,md,7,185,0.8669,0.47,pr,pr2019174023,2019-06-26T07:00:24.040Z,"11km NNE of Otra Banda, Dominican Republic",earthquake,8.32,3.67,0.28,7,reviewed,pr,pr
2019-06-23T10:46:02.237Z,-5.6236,103.8254,56.26,4.6,mb,,70,1.524,0.54,us,us600044u8,2019-06-23T11:52:30.040Z,"39km SW of Biha, Indonesia",earthquake,4.4,6.5,0.103,28,reviewed,us,us
2019-06-23T10:38:44.947Z,-6.8728,129.3386,155.76,4.5,mb,,83,2.234,0.91,us,us600044u1,2019-06-23T11:03:12.040Z,"248km WNW of Saumlaki, Indonesia",earthquake,7,12.1,0.18,9,reviewed,us,us
2019-06-23T09:26:13.000Z,19.171,-66.5181,21,2.9,md,18,278,0.694,0.39,pr,pr2019174011,2019-06-26T06:55:01.040Z,"95km N of Tierras Nuevas Poniente, Puerto Rico",earthquake,1.43,25.95,0.38,16,reviewed,pr,pr
2019-06-23T09:08:46.010Z,19.0425,-68.3411,75,3.32,md,15,179,0.8825,0.66,pr,pr2019174019,2019-06-26T06:52:34.040Z,"41km ENE of Miches, Dominican Republic",earthquake,5.16,4.43,0.3,15,reviewed,pr,pr
2019-06-23T08:50:15.340Z,19.4535,-155.4203333,5.71,2.8,ml,72,36,0.05104,0.14,hv,hv71005956,2019-06-24T19:47:49.459Z,"19km W of Volcano, Hawaii",earthquake,0.2,0.41,0.176,43,reviewed,hv,hv
2019-06-23T08:00:02.640Z,19.3926,-65.9811,28,2.7,md,14,312,1.0672,0.35,pr,pr2019174015,2019-06-23T14:09:39.324Z,"103km N of San Juan, Puerto Rico",earthquake,1.73,22.21,0.27,10,reviewed,pr,pr
2019-06-23T07:50:34.640Z,19.1881,-66.5008,23,2.75,md,9,300,0.7116,0.33,pr,pr2019174013,2019-06-23T14:08:54.363Z,"80km N of Tierras Nuevas Poniente, Puerto Rico",earthquake,1.79,24.21,0.21,5,reviewed,pr,pr
2019-06-23T07:24:04.050Z,19.194,-66.507,20,2.75,md,15,280,0.7173,0.28,pr,pr2019174012,2019-06-23T14:08:36.484Z,"81km N of Tierras Nuevas Poniente, Puerto Rico",earthquake,1.13,23.37,0.4,13,reviewed,pr,pr
2019-06-23T07:04:07.164Z,-2.9593,139.7159,35,4.5,mb,,57,7.457,0.59,us,us600044t0,2019-06-23T09:02:17.040Z,"102km WSW of Abepura, Indonesia",earthquake,4.4,2,0.081,45,reviewed,us,us
2019-06-23T06:52:12.579Z,-30.9241,-177.555,35,5.3,mww,,70,1.704,0.72,us,us600044sr,2019-06-23T07:12:52.040Z,"140km ENE of L'Esperance Rock, New Zealand",earthquake,11.8,1.9,0.059,28,reviewed,us,us
2019-06-23T06:03:39.365Z,14.3483,-92.9127,35,4.3,mb,,184,1.192,0.81,us,us600044se,2019-06-23T08:13:57.040Z,"67km SW of Puerto Madero, Mexico",earthquake,7.8,2,0.05,112,reviewed,us,us
2019-06-23T05:17:03.924Z,51.4,-162.4114,10,2.7,ml,,,,0.63,ak,ak0197zulat7,2019-06-23T16:44:27.599Z,"South of Alaska",earthquake,,0,,,reviewed,ak,ak
2019-06-23T04:56:39.210Z,19.279,-68.4971,82,2.79,md,17,200,0.6912,0.5,pr,pr2019174010,2019-06-25T22:23:33.040Z,"56km ENE of Miches, Dominican Republic",earthquake,2.74,3.59,0.5,16,reviewed,pr,pr
2019-06-23T03:53:02.890Z,40.2735,-124.3003333,9.44,5.58,mw,34,159,0.03116,0.17,nc,nc73201181,2019-06-28T01:11:38.911Z,"6km SSW of Petrolia, CA",earthquake,0.34,0.21,,6,reviewed,nc,nc
2019-06-23T03:27:31.880Z,40.2815,-124.2938333,9.01,2.8,md,30,142,0.03264,0.14,nc,nc73201166,2019-06-25T05:11:03.745Z,"5km S of Petrolia, CA",earthquake,0.29,0.2,0.221,62,reviewed,nc,nc
2019-06-23T02:12:27.402Z,43.9496,-128.2448,10,3.1,ml,,270,3.041,0.73,us,us600044r5,2019-06-23T02:25:11.040Z,"Off the coast of Oregon",earthquake,12.4,2,0.052,48,reviewed,us,us
2019-06-23T01:52:05.880Z,19.1443,-66.5121,27,2.86,md,14,286,0.6674,0.36,pr,pr2019174006,2019-06-23T05:44:48.950Z,"75km N of Tierras Nuevas Poniente, Puerto Rico",earthquake,1.48,14.84,0.51,13,reviewed,pr,pr
2019-06-23T01:06:28.130Z,19.4198,-67.2206,26,2.92,md,4,358,0.9585,0.29,pr,pr2019174005,2019-06-23T05:44:28.871Z,"103km NNW of Isabela, Puerto Rico",earthquake,16.37,16.91,0.22,4,reviewed,pr,pr
2019-06-23T00:28:18.935Z,28.5145,104.9461,10,4.9,mb,,44,7.22,0.72,us,us600044qx,2019-06-23T00:48:14.040Z,"7km SSE of Changning, China",earthquake,8,1.9,0.041,189,reviewed,us,us
2019-06-23T00:21:06.232Z,-21.1026,-173.7902,10,4.9,mww,,63,4.152,1.29,us,us600044qw,2019-06-23T01:01:43.040Z,"123km ENE of `Ohonua, Tonga",earthquake,10.1,1.8,0.073,18,reviewed,us,us
2019-06-23T00:09:30.350Z,19.1461,-66.5143,14,2.59,md,16,276,0.6692,0.34,pr,pr2019174000,2019-06-27T03:16:45.040Z,"77km N of Tierras Nuevas Poniente, Puerto Rico",earthquake,4.37,9.04,0.31,16,reviewed,pr,pr
2019-06-22T22:35:05.667Z,-30.9364,-177.1285,10,4.9,mb,,61,1.822,1.22,us,us600044qh,2019-06-22T23:17:48.040Z,"177km ENE of L'Esperance Rock, New Zealand",earthquake,9.2,1.8,0.096,34,reviewed,us,us
2019-06-22T22:31:38.880Z,14.4508,-92.8307,38.41,5.6,mww,,155,1.102,0.98,us,us600044qf,2019-06-23T22:33:48.540Z,"53km SW of Puerto Madero, Mexico",earthquake,7.3,5,0.068,21,reviewed,us,us
2019-06-22T22:22:39.822Z,23.7204,122.7965,10,4.1,mb,,131,0.769,1.01,us,us600044qe,2019-06-22T22:46:12.040Z,"85km SSW of Yonakuni, Japan",earthquake,4.4,2,0.166,10,reviewed,us,us
2019-06-22T22:02:58.630Z,19.1448,-66.5086,11,2.49,md,12,297,0.668,0.23,pr,pr2019173013,2019-06-23T01:06:53.560Z,"75km N of Tierras Nuevas Poniente, Puerto Rico",earthquake,1.96,2.87,0.37,12,reviewed,pr,pr
2019-06-22T21:48:29.833Z,14.3869,-92.8116,47.49,4.8,mb,,155,1.09,0.88,us,us600044qb,2019-06-22T22:27:37.040Z,"55km SW of Puerto Madero, Mexico",earthquake,7.3,7.2,0.039,206,reviewed,us,us
2019-06-22T21:18:55.417Z,35.4258,27.1857,10,2.9,ml,,199,0.122,1.62,us,us600044sc,2019-06-24T19:55:55.687Z,"9km SSW of Karpathos, Greece",earthquake,2.6,2,0.256,2,reviewed,us,us
2019-06-22T21:00:02.028Z,23.687,122.9761,10,4.3,mb,,188,0.777,0.93,us,us600044q9,2019-06-22T21:53:16.040Z,"86km S of Yonakuni, Japan",earthquake,4.1,1.9,0.148,13,reviewed,us,us
2019-06-22T20:41:42.182Z,-40.1273,175.6869,44.92,4.1,mb,,85,0.539,0.65,us,us600044py,2019-06-22T21:04:59.040Z,"25km NNE of Palmerston North, New Zealand",earthquake,5.1,12.4,0.26,4,reviewed,us,us
2019-06-22T20:00:00.004Z,37.4692,-1.6855,5.4,3.4,mb_lg,,191,0.556,0.37,us,us600044s7,2019-06-23T16:37:16.542Z,"8km NE of Pulpi, Spain",earthquake,7.2,6.8,0.17,9,reviewed,us,us
2019-06-22T19:01:58.139Z,52.38,-172.5964,101.75,3.2,ml,,186,0.999,0.45,us,us600044qq,2019-06-23T00:35:05.040Z,"91km W of Amukta Island, Alaska",earthquake,18.4,15.1,0.105,12,reviewed,us,us
2019-06-22T18:34:33.693Z,-17.0483,171.4953,10,5,mww,,61,4.419,0.56,us,us600044pb,2019-06-23T20:44:15.040Z,"Vanuatu region",earthquake,6.2,1.8,0.073,18,reviewed,us,us
2019-06-22T18:20:17.130Z,19.3898,-67.9735,32,2.81,md,10,337,1.1203,0.45,pr,pr2019173012,2019-06-22T21:12:41.040Z,"109km NE of Punta Cana, Dominican Republic",earthquake,5.34,30.14,0.35,7,reviewed,pr,pr
2019-06-22T17:01:39.940Z,51.803,-170.448,43.44,3.9,mb,,196,1.524,1.35,us,us600044nr,2019-06-23T20:46:56.040Z,"93km S of Yunaska Island, Alaska",earthquake,2.8,11.5,0.048,114,reviewed,us,us
2019-06-22T16:36:20.834Z,-21.9106,-179.2888,598.29,4.9,mb,,99,4.841,0.83,us,us600044nh,2019-06-22T16:52:38.040Z,"152km SSW of Ndoi Island, Fiji",earthquake,12.7,9.5,0.091,38,reviewed,us,us
2019-06-22T16:26:22.766Z,59.7682,-140.9629,5.2,2.9,ml,,,,0.92,ak,ak0197ydnlhg,2019-06-22T20:57:49.040Z,"73km WNW of Yakutat, Alaska",earthquake,,0.2,,,automatic,ak,ak
2019-06-22T15:43:55.928Z,4.4801,127.5813,127.33,4.5,mb,,75,3.253,0.78,us,us600044n4,2019-06-22T15:59:08.040Z,"256km ESE of Sarangani, Philippines",earthquake,5.5,8.3,0.102,28,reviewed,us,us
2019-06-22T14:30:27.608Z,44.7473,148.6537,136.81,4.6,mb,,168,4.386,1.01,us,us600044ms,2019-06-22T14:51:27.040Z,"81km SE of Kuril'sk, Russia",earthquake,9.8,13.5,0.043,162,reviewed,us,us
2019-06-22T14:29:55.811Z,28.4545,104.8963,10,5.3,mww,,79,15.954,0.87,us,us600044mq,2019-06-24T13:30:54.659Z,"13km S of Changning, China",earthquake,11.1,1.9,0.073,18,reviewed,us,us
2019-06-22T14:26:44.665Z,43.8451,-128.2952,10,4.6,mb,,176,3.047,1.24,us,us600044mm,2019-06-23T00:40:04.355Z,"Off the coast of Oregon",earthquake,10.6,2,0.041,177,reviewed,us,us
2019-06-22T14:14:07.300Z,43.8478,-128.3189,10,3.2,ml,,254,3.092,0.81,us,us600044ml,2019-06-22T16:24:23.040Z,"Off the coast of Oregon",earthquake,10,2,0.051,50,reviewed,us,us
2019-06-22T13:46:59.214Z,60.0341,-151.9967,52.7,2.5,ml,,,,0.61,ak,ak0197ybznry,2019-06-22T13:58:22.574Z,"30km NNW of Anchor Point, Alaska",earthquake,,0.6,,,automatic,ak,ak
2019-06-22T13:40:13.825Z,43.7829,-128.5026,10,4.7,mb,,196,3.174,0.57,us,us600044mf,2019-06-22T18:54:14.976Z,"Off the coast of Oregon",earthquake,4.2,1.9,0.033,280,reviewed,us,us
2019-06-22T13:37:31.541Z,43.8021,-128.5769,10,4.2,mb,,176,3.231,1.04,us,us600044mh,2019-06-22T13:57:32.040Z,"Off the coast of Oregon",earthquake,10,2,0.074,51,reviewed,us,us
2019-06-22T13:29:23.100Z,36.8773333,-121.617,8.23,3.01,ml,93,27,0.02437,0.1,nc,nc73200946,2019-06-27T16:39:39.526Z,"3km ESE of Aromas, CA",earthquake,0.11,0.24,0.135,64,reviewed,nc,nc
2019-06-22T13:16:10.394Z,43.7545,-128.6703,10,4.2,mb,,222,3.348,1.29,us,us600044m7,2019-06-22T13:36:53.040Z,"Off the coast of Oregon",earthquake,13.5,2,0.187,8,reviewed,us,us
2019-06-22T13:00:17.184Z,43.939,-128.402,10,5.4,mww,,169,3.15,1.12,us,us600044ly,2019-06-23T13:03:02.207Z,"Off the coast of Oregon",earthquake,8.4,1.9,0.041,56,reviewed,us,us
2019-06-22T12:52:02.579Z,43.7967,-128.3442,10,5.4,mww,,169,3.068,0.73,us,us600044lu,2019-06-23T12:55:02.035Z,"Off the coast of Oregon",earthquake,8.5,1.9,0.043,53,reviewed,us,us
2019-06-22T12:43:42.375Z,43.8509,-128.487,10,5,mww,,185,3.182,0.94,us,us600044lt,2019-06-23T04:33:59.638Z,"Off the coast of Oregon",earthquake,9,1.9,0.05,38,reviewed,us,us
2019-06-22T12:05:14.030Z,33.1988333,-115.5783333,4.93,2.98,ml,91,37,0.03785,0.27,ci,ci38426023,2019-06-27T18:08:40.503Z,"7km SW of Niland, CA",earthquake,0.19,0.38,0.172,91,reviewed,ci,ci
2019-06-22T09:10:24.210Z,19.0793,-67.5881,87,2.8,md,17,200,0.7033,0.9,pr,pr2019173010,2019-06-22T13:19:30.223Z,"82km NW of San Antonio, Puerto Rico",earthquake,5.66,7.93,0.24,15,reviewed,pr,pr
2019-06-22T09:07:47.157Z,69.5617,-144.2215,0,2.7,ml,,,,0.85,ak,ak0197y9djja,2019-06-22T09:34:59.040Z,"63km SSW of Kaktovik, Alaska",earthquake,,1,,,automatic,ak,ak
2019-06-22T08:50:24.926Z,39.219,-99.4308,3,4.5,mwr,,46,0.469,0.51,us,us600044l0,2019-06-27T11:30:45.040Z,"11km W of Plainville, Kansas",earthquake,3.5,2,0.046,46,reviewed,us,us
2019-06-22T08:35:02.470Z,36.263,-89.4641667,6.59,2.49,md,45,39,0.03471,0.15,nm,nm60277971,2019-06-26T07:01:56.040Z,"1km ENE of Ridgely, Tennessee",earthquake,0.2,0.41,0.115,31,reviewed,nm,nm
2019-06-22T07:45:43.619Z,64.9046,-164.7926,7.1,3.1,ml,,,,0.77,ak,ak0197y8et6x,2019-06-22T12:07:45.040Z,"53km NNE of Nome, Alaska",earthquake,,0.4,,,automatic,ak,ak
2019-06-22T05:43:05.930Z,19.5588,-66.2798,31,2.76,md,7,320,1.2651,0.33,pr,pr2019173003,2019-06-23T01:27:19.888Z,"121km N of Dorado, Puerto Rico",earthquake,2.22,24.39,0.37,6,reviewed,pr,pr
2019-06-22T05:33:45.376Z,61.5235,-149.924,42.6,3,ml,,,,0.6,ak,ak0197y75dje,2019-06-23T05:35:53.668Z,"1km E of Big Lake, Alaska",earthquake,,0.2,,,reviewed,ak,ak
2019-06-22T05:17:38.771Z,46.8998,-112.5163,10.91,2.8,ml,,112,0.11,0.59,us,us600044kl,2019-06-23T20:23:01.734Z,"14km ESE of Lincoln, Montana",earthquake,1.9,4.8,0.069,28,reviewed,us,us
2019-06-22T03:56:06.030Z,19.5021,-68.0758,8,3.17,md,22,222,1.1325,0.9,pr,pr2019173000,2019-06-22T21:05:31.040Z,"99km NNE of Punta Cana, Dominican Republic",earthquake,5.74,6.04,0.1,21,reviewed,pr,pr
2019-06-22T01:29:02.387Z,-9.4524,158.261,10,4.8,mb,,37,1.664,0.88,us,us600044jp,2019-06-22T02:24:04.040Z,"176km SSW of Dadali, Solomon Islands",earthquake,9.3,1.9,0.057,96,reviewed,us,us
2019-06-21T23:36:10.740Z,19.4548333,-155.6028333,-1.73,3.14,ml,67,38,0.002992,0.14,hv,hv71003891,2019-06-22T23:37:10.464Z,"27km E of Honaunau-Napoopoo, Hawaii",earthquake,0.14,0.14,0.137,45,reviewed,hv,hv
2019-06-21T23:34:42.375Z,-21.2915,-173.9964,10,5,mb,,99,7.64,0.61,us,us600044it,2019-06-22T09:35:13.981Z,"99km E of `Ohonua, Tonga",earthquake,8.4,1.5,0.037,106,reviewed,us,us
2019-06-21T23:00:22.480Z,-30.7334,-176.8325,10,5.1,mb,,218,1.762,0.78,us,us600044ig,2019-06-21T23:13:20.040Z,"192km SSE of Raoul Island, New Zealand",earthquake,9,2,0.147,15,reviewed,us,us
2019-06-21T22:49:25.464Z,-30.7423,-177.5006,10,5.1,mb,,75,1.537,0.83,us,us600044ie,2019-06-21T23:05:05.040Z,"153km ENE of L'Esperance Rock, New Zealand",earthquake,11.5,1.9,0.071,64,reviewed,us,us
2019-06-21T22:40:58.200Z,36.9781667,-119.6506667,18.52,2.61,md,34,141,0.04794,0.21,nc,nc73200726,2019-06-22T16:22:00.647Z,"6km E of Friant, CA",earthquake,0.38,0.49,0.197,70,reviewed,nc,nc
2019-06-21T22:32:45.690Z,19.469,-65.2736,62,3.22,md,7,331,1.4462,0.22,pr,pr2019172007,2019-06-21T23:18:07.040Z,"128km N of Charlotte Amalie, U.S. Virgin Islands",earthquake,4.13,13.61,0.06,5,reviewed,pr,pr
2019-06-21T22:03:18.795Z,43.7913,-127.8349,10,3.2,ml,,283,2.714,1.05,us,us600044hk,2019-06-21T22:14:16.040Z,"287km WNW of Bandon, Oregon",earthquake,4.8,2,0.046,62,reviewed,us,us
2019-06-21T21:45:29.405Z,62.204,-150.3248,50.9,2.7,ml,,,,0.73,ak,ak0197wt7i3j,2019-06-22T04:00:09.040Z,"17km SW of Talkeetna, Alaska",earthquake,,0.6,,,automatic,ak,ak
2019-06-21T19:02:44.187Z,75.2697,7.6345,10,4.6,mb,,94,3.545,0.9,us,us600044en,2019-06-23T20:38:05.040Z,"Greenland Sea",earthquake,8.2,1.9,0.09,37,reviewed,us,us
2019-06-21T18:14:33.065Z,21.5772,143.1237,296.94,4.1,mb,,126,5.56,0.52,us,us600044du,2019-06-23T20:39:48.040Z,"217km WNW of Farallon de Pajaros, Northern Mariana Islands",earthquake,5.1,9.7,0.117,20,reviewed,us,us
2019-06-21T17:09:42.450Z,55.7179,-149.2871,10,3.7,ml,,212,2.683,0.55,us,us600044cq,2019-06-23T20:41:47.040Z,"299km SE of Kodiak, Alaska",earthquake,8.5,2,0.048,56,reviewed,us,us
2019-06-21T16:42:25.495Z,25.7839,95.8195,139.09,4.2,mb,,117,2.072,0.69,us,us600044cg,2019-06-21T19:21:59.040Z,"113km ESE of Tuensang, India",earthquake,7.4,11.3,0.167,10,reviewed,us,us
2019-06-21T15:53:10.702Z,50.5844,175.3755,15.94,3.8,mb,,177,2.291,0.85,us,us600044a3,2019-06-21T17:56:33.738Z,"200km S of Buldir Island, Alaska",earthquake,10,7.3,0.096,28,reviewed,us,us
2019-06-21T15:20:07.718Z,59.8404,-153.0086,93.8,3,ml,,,,0.71,ak,ak0197wphhu6,2019-06-21T16:53:03.040Z,"66km W of Anchor Point, Alaska",earthquake,,0.3,,,automatic,ak,ak
2019-06-21T14:34:37.227Z,56.5323,-148.5854,3.2,2.5,ml,,,,0.53,ak,ak0197wozb3o,2019-06-21T15:12:06.842Z,"270km ESE of Kodiak, Alaska",earthquake,,5,,,reviewed,ak,ak
2019-06-21T13:48:36.280Z,18.8396,-67.1598,14,2.69,md,11,267,0.3753,0.28,pr,pr2019172005,2019-06-21T16:35:44.128Z,"38km N of San Antonio, Puerto Rico",earthquake,1.28,2.24,0.19,5,reviewed,pr,pr
2019-06-21T12:22:01.770Z,19.5591,-66.1913,14,4,ml,23,216,1.1335,0.39,pr,pr2019172004,2019-06-21T13:27:19.508Z,"99km N of Brenas, Puerto Rico",earthquake,1.64,4.2,0.24,12,reviewed,pr,pr
